品牌,品类,数量
Chrome Hearts,Accessories,222
Chrome Hearts,T-Shirt,101
步潮,Accessories,96
FloFlo,Accessories,91
AnyTime,Accessories,88
星购链,Accessories,71
LuxeHush,Accessories,68
Tin77,Accessories,67
有米家,Accessories,66
Haulux,Accessories,65
Muki,Accessories,65
Boss-Way,Accessories,61
Chrome Hearts,Hoodie,59
Yochic,Accessories,57
Chaohub,Accessories,56
AXCE,Accessories,54
潮香俱乐部,Accessories,46
Chrome Hearts,Cap,34
Chrome Hearts,Pants,21
FloFlo,T-Shirt,21
Chrome Hearts,Jeans,19
Yochic,T-Shirt,19
潮香俱乐部,Jacket,19
Chaohub,Jacket,17
Muki,T-Shirt,17
AnyTime,Jacket,16
星购链,T-Shirt,16
Chaohub,T-Shirt,15
有米家,T-Shirt,15
AXCE,T-Shirt,14
Yochic,Pants,13
星购链,Pants,13
步潮,Jacket,13
Ami,Accessories,12
步潮,Hoodie,12
Chrome Hearts,Belt,11
Fog,Accessories,11
LuxeHush,T-Shirt,11
Tin77,T-Shirt,11
Chrome Hearts,Shirt,10
FloFlo,Jacket,10
LuxeHush,Hoodie,10
AnyTime,Pants,9
Chrome Hearts,Jacket,9
Fog,Hoodie,9
AnyTime,T-Shirt,8
Boss-Way,T-Shirt,8
Chaohub,Hoodie,8
FloFlo,Hoodie,8
Yochic,Jacket,8
步潮,T-Shirt,8
AnyTime,Belt,7
Boss-Way,Hoodie,7
Chaohub,Pants,7
Haulux,T-Shirt,7
Tin77,Jacket,7
AXCE,Watch,6
FloFlo,Pants,6
FloFlo,Shoes,6
Haulux,Hoodie,6
LuxeHush,Pants,6
Muki,Jacket,6
有米家,Jacket,6
有米家,Pants,6
步潮,Pants,6
潮香俱乐部,T-Shirt,6
Boss-Way,Jacket,5
Chaohub,Shoes,5
Haulux,Jacket,5
Haulux,Pants,5
LuxeHush,Shoes,5
Muki,Hoodie,5
星购链,Jacket,5
AnyTime,Bag,4
AnyTime,Hoodie,4
AXCE,Hoodie,4
Boss-Way,Bag,4
Boss-Way,Pants,4
Chrome Hearts,Bag,4
Haulux,Bag,4
Muki,Pants,4
Noble Threads,Accessories,4
Tin77,Cap,4
Yochic,Bag,4
Yochic,Shoes,4
星购链,Cap,4
有米家,Hoodie,4
有米家,Shoes,4
潮香俱乐部,Hoodie,4
潮香俱乐部,Pants,4
Ami,T-Shirt,3
AXCE,Jacket,3
Boss-Way,Shoes,3
Chrome Hearts,Set,3
Corteiz,Jacket,3
Elegance Hub,Accessories,3
Essentials,Accessories,3
FloFlo,Bag,3
FloFlo,Watch,3
LuxeHush,Bag,3
LuxeHush,Jacket,3
LuxeHush,Set,3
Muki,Belt,3
Muki,Jeans,3
Nike,Bag,3
Tin77,Pants,3
Tin77,Set,3
Tin77,Shirt,3
Tin77,Watch,3
Yochic,Belt,3
Yochic,Hoodie,3
Yochic,Jeans,3
星购链,Belt,3
星购链,Hoodie,3
有米家,Shirt,3
步潮,Bag,3
潮香俱乐部,Shirt,3
adidas,Shoes,2
Ami,Hoodie,2
Ami,Jacket,2
Ami,Jeans,2
AXCE,Jeans,2
AXCE,Pants,2
AXCE,Set,2
AXCE,Shirt,2
Banana,Cap,2
Bape,Pants,2
Boss-Way,Cap,2
Boss-Way,Set,2
Burberry,Accessories,2
Chanel,Accessories,2
Chaohub,Set,2
Corteiz,Accessories,2
FloFlo,Set,2
Haulux,Cap,2
LuxeHush,Belt,2
Modish Market,Accessories,2
Muki,Bag,2
Muki,Shirt,2
Tin77,Hoodie,2
Tin77,Shoes,2
Ugg,Accessories,2
我的小店,Accessories,2
有米家,Bag,2
有米家,Cap,2
有米家,Jeans,2
有米家,Set,2
步潮,Set,2
步潮,Shirt,2
步潮,Shoes,2
潮香俱乐部,Bag,2
adidas,Accessories,1
Ami,Cap,1
AnyTime,Cap,1
AnyTime,Set,1
AnyTime,Shirt,1
AnyTime,Watch,1
Arwins,Accessories,1
AXCE,Bag,1
AXCE,Cap,1
AXCE,Shoes,1
Banana,Bag,1
Banana,T-Shirt,1
Banana,Watch,1
Boss-Way,Belt,1
Boss-Way,Jeans,1
Boss-Way,Watch,1
Chaohub,Bag,1
Chaohub,Belt,1
Chaohub,Shirt,1
Chrome Hearts,Watch,1
Corteiz,Pants,1
Corteiz,Shirt,1
Corteiz,T-Shirt,1
Crocs,Cap,1
Dior,T-Shirt,1
Elegance Hub,Cap,1
Elegance Hub,Jacket,1
Essentials,Hoodie,1
Essentials,T-Shirt,1
Fear of God,Hoodie,1
FloFlo,Belt,1
FloFlo,Cap,1
FloFlo,Jeans,1
Fog,Pants,1
Global Vogue,Accessories,1
Global Vogue,Shoes,1
Hermes,Bag,1
HYPE PLUG,Pants,1
LuxeHush,Jeans,1
LuxeHush,Shirt,1
LuxeHush,Watch,1
Maison Margiela,Accessories,1
Modish Market,Belt,1
Modish Market,Shoes,1
Moncler,Jacket,1
Muki,Cap,1
Muki,Shoes,1
Nike,Pants,1
Noble Threads,T-Shirt,1
ONLY1,T-Shirt,1
Paris Store,Pants,1
PEACH CLUB,Bag,1
PPP78,Bag,1
Prada,Jacket,1
Ralph Lauren,Jacket,1
Sp5der,Hoodie,1
TeesDrip,Shirt,1
Tin77,Bag,1
Tin77,Belt,1
Tin77,Jeans,1
Top fashion brands,Hoodie,1
Ugg,T-Shirt,1
Yochic,Cap,1
Yochic,Set,1
Yochic,Socks,1
Yochic,Watch,1
上饶市修然电子商务有限公司,Set,1
广州昕初贸易商行,Set,1
我的BUY小店,Accessories,1
揭阳市揭东区锡场镇桂升服装店,Jeans,1
星购链,Bag,1
星购链,Shirt,1
星购链,Shoes,1
星购链,Watch,1
杭州一路发严选电子商务有限公司,Hoodie,1
标品店,Bag,1
步潮,Belt,1
步潮,Cap,1
步潮,Jeans,1
步潮,Watch,1
海丰县梅陇镇鑫鑫向上首饰厂,Accessories,1
深圳极讽数码科技有限公司,Accessories,1
潮香俱乐部,Jeans,1
潮香俱乐部,Set,1
潮香俱乐部,Watch,1
象山县博曼服装厂,Accessories,1
阿杰潮品,T-Shirt,1
